<?xml version="1.0" encoding="UTF-8"?> 
<project>                                  
  <executable name="lab5.elf">                 
    <memory name="program">              
      <units>bytes</units>                 
      <length>32768</length>                 
      <used>3370</used>                     
      <free>29398</free>                     
    </memory>                              
    <memory name="data">                 
      <units>bytes</units>                 
      <length>2560</length>                 
      <used>6</used>                     
      <free>2554</free>                     
    </memory>                              
  </executable>                            
</project>                                 
