<?xml version="1.0" encoding="UTF-8"?> 
<project>                                  
  <executable name="lab6.elf">                 
    <memory name="program">              
      <units>bytes</units>                 
      <length>32768</length>                 
      <used>3049</used>                     
      <free>29719</free>                     
    </memory>                              
    <memory name="data">                 
      <units>bytes</units>                 
      <length>2560</length>                 
      <used>1</used>                     
      <free>2559</free>                     
    </memory>                              
  </executable>                            
</project>                                 
